Genre,Average F-measure
pop,0.6430415719448788
metal,0.7388630107344487
disco,0.7064382358146571
blues,0.6049231284893013
reggae,0.8207227534096209
classical,0.5494941132050017
rock,0.7235877046019271
hiphop,0.6799887514845399
country,0.8224096626495513
jazz,0.6278725763253077
overall,0.6916688933228341
Overall,0.6916688933228341
