Genre,Average F-measure
pop,0.7811084274690073
metal,0.6209081843575113
disco,0.7108354216832082
blues,0.6505109522920164
reggae,0.6670747884410294
classical,0.4699661257666729
rock,0.6997596718850043
hiphop,0.7287823832301014
country,0.7150467542879126
jazz,0.5430888077938859
overall,0.6588156193631264
Overall,0.6588156193631264
