Genre,Average F-measure
pop,0.6360188571926753
metal,0.6830048570738402
disco,0.7115384504589968
blues,0.5345403149245007
reggae,0.7452223207236247
classical,0.5004478240423837
rock,0.6958219956692799
hiphop,0.6280774377488543
country,0.7315470466926979
jazz,0.5110465873176914
overall,0.6377457918601335
Overall,0.6377457918601335
